manufacturer,date,avg_price,tdp,sales,units,date_new,channel,SOM
COMESTIBLES,JULIO 2019,1682.0,489,13323.6,7.921284185493461,2019-07-01,DTS,10.98892579283224
COMESTIBLES,JUNIO 2019,1658.2,492,13196.5,7.958328307803642,2019-06-01,DTS,11.361444870324643
OTROS,JULIO 2019,665.3,745,18251.1,27.43288741920938,2019-07-01,DTS,15.052987446152729
OTROS,JUNIO 2019,656.9,759,17300.8,26.33703760085249,2019-06-01,DTS,14.895016512902105
PEPSICO,JULIO 2019,1498.5,2529,74804.9,49.91985318651985,2019-07-01,DTS,61.69695090217632
PEPSICO,JUNIO 2019,1494.5,2479,71541.2,47.86965540314486,2019-06-01,DTS,61.59295265842227
RAMO,JULIO 2019,1062.3,125,3034.3,2.856349430481032,2019-07-01,DTS,2.502604216067044
RAMO,JUNIO 2019,1044.2,120,2708.4,2.593755985443402,2019-06-01,DTS,2.331780190716271
YUPI,JULIO 2019,901.8,652,11831.8,13.1202040363717,2019-07-01,DTS,9.75853164277166
YUPI,JUNIO 2019,907.1,669,11404.7,12.57270422224672,2019-06-01,DTS,9.818805767634712
COMESTIBLES,JULIO 2019,1193.2,761,1660.7,1.3918035534696611,2019-07-01,SUPERCADENAS,4.1355386883417005
COMESTIBLES,JUNIO 2019,1390.5,745,1429.3,1.0279036317871268,2019-06-01,SUPERCADENAS,3.904679167759419
OTROS,JULIO 2019,1892.5,8595,14345.3,7.58007926023778,2019-07-01,SUPERCADENAS,35.72321499721093
OTROS,JUNIO 2019,1930.5,8361,13399.7,6.941051541051541,2019-06-01,SUPERCADENAS,36.606401346271525
PEPSICO,JULIO 2019,1036.3,5751,19124.3,18.454405095049697,2019-07-01,SUPERCADENAS,47.62406367041199
PEPSICO,JUNIO 2019,1069.4,5681,17582.9,16.44183654385637,2019-06-01,SUPERCADENAS,48.03441078765626
RAMO,JULIO 2019,1495.3,864,1158.2,0.7745602889052364,2019-07-01,SUPERCADENAS,2.8841939596780617
RAMO,JUNIO 2019,1548.0,811,991.1,0.6402454780361757,2019-06-01,SUPERCADENAS,2.707568406329224
YUPI,JULIO 2019,690.1,1817,3868.3,5.6054195044196495,2019-07-01,SUPERCADENAS,9.632988684357318
YUPI,JUNIO 2019,723.0,1775,3201.8,4.428492392807746,2019-06-01,SUPERCADENAS,8.746940291983565
COMESTIBLES,JULIO 2019,1779.7,748,2445.0,1.3738270495027252,2019-07-01,SUPERETES,9.798970807483288
COMESTIBLES,JUNIO 2019,1734.6,781,2169.6,1.25077827741266,2019-06-01,SUPERETES,9.450753368268364
OTROS,JULIO 2019,1322.3,1407,5712.6,4.320199652121304,2019-07-01,SUPERETES,22.894724186024145
OTROS,JUNIO 2019,1308.2,1323,5235.4,4.001987463690567,2019-06-01,SUPERETES,22.805343927098168
PEPSICO,JULIO 2019,1465.8,4029,14007.6,9.556283258288987,2019-07-01,SUPERETES,56.139085269080944
PEPSICO,JUNIO 2019,1436.1,3885,13016.9,9.064062391198386,2019-06-01,SUPERETES,56.70147101742831
RAMO,JULIO 2019,1397.7,286,842.6,0.6028475352364598,2019-07-01,SUPERETES,3.376937751486879
RAMO,JUNIO 2019,1384.4,266,756.3,0.5463016469228545,2019-06-01,SUPERETES,3.2944343530703186
YUPI,JULIO 2019,933.2,943,1943.8,2.0829404200600083,2019-07-01,SUPERETES,7.790281985924751
YUPI,JUNIO 2019,879.5,824,1778.7,2.0223990903922684,2019-06-01,SUPERETES,7.747997334134835
COMESTIBLES,ABRIL 2020,1839.529949,188,5896.623,3.2055052994410365,2020-04-01,DTS,7.638373606103617
COMESTIBLES,ABRIL 2021,1810.162307,465,10967.396,6.05879150040218,2021-04-01,DTS,9.61836449664747
COMESTIBLES,ABRIL 2022,2168.517782,518,19137.357,8.825086498645092,2022-04-01,DTS,9.912045432401069
COMESTIBLES,AGOSTO 2019,1641.84372,549,13690.152,8.33827960190998,2019-08-01,DTS,11.281889701641996
COMESTIBLES,AGOSTO 2020,1748.129959,218,7018.75,4.015004699087134,2020-08-01,DTS,8.45932499823311
COMESTIBLES,AGOSTO 2021,1858.885088,461,13601.578,7.317062301378793,2021-08-01,DTS,9.13875248382296
COMESTIBLES,AGOSTO 2022,2445.58242,496,21789.268,8.909643699515962,2022-08-01,DTS,9.81595546388784
COMESTIBLES,DICIEMBRE 2019,1690.00884,457,13409.739,7.934715300069081,2019-12-01,DTS,10.225108115847622
COMESTIBLES,DICIEMBRE 2020,1848.281616,288,11242.557,6.08270779878817,2020-12-01,DTS,9.167401155857265
COMESTIBLES,DICIEMBRE 2021,1984.26641,526,15991.026,8.058910799180438,2021-12-01,DTS,9.571192995643448
COMESTIBLES,ENERO 2020,1699.61853,435,12600.003,7.413430000671974,2020-01-01,DTS,9.690384222489325
COMESTIBLES,ENERO 2021,1859.717678,261,10481.295,5.63596029870078,2021-01-01,DTS,8.951777013095157
COMESTIBLES,ENERO 2022,2009.697552,517,17691.833,8.803231601886331,2022-01-01,DTS,9.846243654867536
COMESTIBLES,FEBRERO 2020,1665.139278,422,12205.916,7.330267300318885,2020-02-01,DTS,10.27455610977409
COMESTIBLES,FEBRERO 2021,1820.580906,353,10717.088,5.886631000402242,2021-02-01,DTS,9.342676165252165
COMESTIBLES,FEBRERO 2022,1998.106393,504,16528.42,8.272041998316151,2022-02-01,DTS,9.64937052972291
COMESTIBLES,JULIO 2020,1823.09387,207,7149.846,3.921819999317973,2020-07-01,DTS,8.418555281686922
COMESTIBLES,JULIO 2021,1839.680889,461,13455.362,7.313965199319957,2021-07-01,DTS,9.172860902416431
COMESTIBLES,JULIO 2022,2433.225808,498,21742.534,8.935682799563663,2022-07-01,DTS,9.83137343283043
COMESTIBLES,JUNIO 2020,1820.087828,193,6485.213,3.5631318995887487,2020-06-01,DTS,8.681764077590385
COMESTIBLES,JUNIO 2021,1824.808164,405,11319.7,6.203227398537658,2021-06-01,DTS,8.910181463488234
COMESTIBLES,JUNIO 2022,2355.308239,506,21478.228,9.11907309810077,2022-06-01,DTS,10.216491910444203
COMESTIBLES,MARZO 2020,1668.997248,389,11063.719,6.628961799222811,2020-03-01,DTS,9.423627962345074
COMESTIBLES,MARZO 2021,1818.603936,434,11218.776,6.168894599819012,2021-03-01,DTS,9.539442116436238
COMESTIBLES,MARZO 2022,2044.202341,549,18565.896,9.082220300617491,2022-03-01,DTS,9.7426346835613
COMESTIBLES,MAYO 2020,1860.527557,168,5550.534,2.983311899421654,2020-05-01,DTS,8.16988042521152
COMESTIBLES,MAYO 2021,1874.807292,440,10912.026,5.820345401131499,2021-05-01,DTS,9.39882673774478
COMESTIBLES,MAYO 2022,2224.499122,524,20652.291,9.284018499154076,2022-05-01,DTS,10.17043166536123
COMESTIBLES,NOVIEMBRE 2019,1680.566797,447,12186.373,7.2513469989732275,2019-11-01,DTS,10.029655382420676
COMESTIBLES,NOVIEMBRE 2020,1780.773283,272,10002.486,5.616934000239041,2020-11-01,DTS,9.209781163139397
COMESTIBLES,NOVIEMBRE 2021,1924.39169,526,15521.542,8.065687500448519,2021-11-01,DTS,9.794648398820218
COMESTIBLES,OCTUBRE 2019,1653.384116,449,12792.968,7.737444599957679,2019-10-01,DTS,10.071676537217783
COMESTIBLES,OCTUBRE 2020,1795.216498,280,10228.388,5.6975791005681815,2020-10-01,DTS,9.292661330057731
COMESTIBLES,OCTUBRE 2021,1850.212761,547,14812.126,8.005633899095132,2021-10-01,DTS,9.334435987289671
COMESTIBLES,SEPTIEMBRE 2019,1639.347795,485,12337.502,7.525860002147989,2019-09-01,DTS,10.43703952835942
COMESTIBLES,SEPTIEMBRE 2020,1836.33394,214,7665.175,4.174172699765055,2020-09-01,DTS,7.988777113527603
COMESTIBLES,SEPTIEMBRE 2021,1850.926476,486,13821.156,7.467155599755979,2021-09-01,DTS,9.161099466411256
OTROS,ABRIL 2020,655.013193,245,9234.436,14.098091608973132,2020-04-01,DTS,11.962113265449236
OTROS,ABRIL 2021,687.210918,624,15286.853,22.244776093618466,2021-04-01,DTS,13.406511824745712
OTROS,ABRIL 2022,894.81428,892,26953.865,30.122300909189786,2022-04-01,DTS,13.96054504594365
OTROS,AGOSTO 2019,658.09521,737,17690.938,26.882034288017383,2019-08-01,DTS,14.57888935306102
OTROS,AGOSTO 2020,696.66357,267,9733.517,13.971617605898352,2020-08-01,DTS,11.731288858960204
OTROS,AGOSTO 2021,715.092438,759,21478.804,30.03640209099792,2021-08-01,DTS,14.43137505108205
OTROS,AGOSTO 2022,1004.380109,968,32692.335,32.54976348799835,2022-08-01,DTS,14.72773221984794
OTROS,DICIEMBRE 2019,662.187645,763,19296.718,29.14086082050051,2019-12-01,DTS,14.714009559099017
OTROS,DICIEMBRE 2020,667.099831,353,15579.042,23.353389217093056,2020-12-01,DTS,12.703455952053329
OTROS,DICIEMBRE 2021,768.90169,847,23758.847,30.89972009295493,2021-12-01,DTS,14.220507801748578
OTROS,ENERO 2020,672.777865,775,18087.041,26.88412021403231,2020-01-01,DTS,13.910344048165506
OTROS,ENERO 2021,631.630754,329,13468.601,21.32353580744107,2021-01-01,DTS,11.503150405589238
OTROS,ENERO 2022,769.67826,853,24246.277,31.50183428592617,2022-01-01,DTS,13.494065372729365
OTROS,FEBRERO 2020,660.741568,745,18129.012,27.437371701730136,2020-02-01,DTS,15.260431991238333
OTROS,FEBRERO 2021,673.040065,485,16434.549,24.41838139308988,2021-02-01,DTS,14.326901974581975
OTROS,FEBRERO 2022,822.017677,871,24385.256,29.66512361266411,2022-02-01,DTS,14.236228907914295
OTROS,JULIO 2020,706.335735,249,9809.925,13.88847330512026,2020-07-01,DTS,11.55065380732712
OTROS,JULIO 2021,698.622757,698,19922.801,28.51725169324824,2021-07-01,DTS,13.581877794110854
OTROS,JULIO 2022,999.305225,951,32255.529,32.27795491612685,2022-07-01,DTS,14.58505944488768
OTROS,JUNIO 2020,661.702597,220,8553.671,12.926760509600964,2020-06-01,DTS,11.450811811320095
OTROS,JUNIO 2021,709.855676,653,17324.507,24.405675105146305,2021-06-01,DTS,13.636801428966509
OTROS,JUNIO 2022,981.275614,938,30480.898,31.06252470266728,2022-06-01,DTS,14.498768140466476
OTROS,MARZO 2020,686.346599,669,17521.98,25.52934628878376,2020-03-01,DTS,14.924513238600072
OTROS,MARZO 2021,681.344859,641,17131.986,25.14436819138016,2021-03-01,DTS,14.567506186646028
OTROS,MARZO 2022,844.99472,884,27141.069,32.11980898531532,2022-03-01,DTS,14.242540203194627
OTROS,MAYO 2020,659.062911,210,8242.301,12.506091394968514,2020-05-01,DTS,12.131916244203053
OTROS,MAYO 2021,674.953918,640,15949.215,23.63007988346843,2021-05-01,DTS,13.737495529064914
OTROS,MAYO 2022,946.739912,926,28584.768,30.192841389367768,2022-05-01,DTS,14.07686099397904
OTROS,NOVIEMBRE 2019,654.150662,772,17619.949,26.93561288484945,2019-11-01,DTS,14.50160899603416
OTROS,NOVIEMBRE 2020,682.343513,382,14174.27,20.77292409168108,2020-11-01,DTS,13.050948019047649
OTROS,NOVIEMBRE 2021,773.968927,846,22802.434,29.461691812854912,2021-11-01,DTS,14.389151778045228
OTROS,OCTUBRE 2019,661.399879,756,18919.647,28.60545881654145,2019-10-01,DTS,14.8951021203479
OTROS,OCTUBRE 2020,697.879763,362,14262.143,20.43638998599247,2020-10-01,DTS,12.957395118356242
OTROS,OCTUBRE 2021,733.297134,845,23821.74,32.48579449650488,2021-10-01,DTS,15.012193869796803
OTROS,SEPTIEMBRE 2019,662.070467,742,17514.739,26.45449370270733,2019-09-01,DTS,14.816777599865704
OTROS,SEPTIEMBRE 2020,703.318581,284,12106.948,17.214031204445032,2020-09-01,DTS,12.618069267442529
OTROS,SEPTIEMBRE 2021,727.998491,839,22414.124,30.78869568700796,2021-09-01,DTS,14.856790518569913
PEPSICO,ABRIL 2020,1609.938659,1514,51906.873,32.241522190815346,2020-04-01,DTS,67.23917888231493
PEPSICO,ABRIL 2021,1639.131781,2525,73357.321,44.753766506342906,2021-04-01,DTS,64.33409096157116
PEPSICO,ABRIL 2022,1917.303417,3087,120631.036,62.91702968367473,2022-04-01,DTS,62.47990824383999
PEPSICO,AGOSTO 2019,1490.645499,2557,74272.167,49.82550650025476,2019-08-01,DTS,61.20680004107584
PEPSICO,AGOSTO 2020,1630.425419,1659,55778.672,34.211115301558,2020-08-01,DTS,67.22705815392273
PEPSICO,AGOSTO 2021,1660.865417,2797,95539.459,57.52390170937012,2021-08-01,DTS,64.19192451341688
PEPSICO,AGOSTO 2022,2220.326901,2973,136443.979,61.45220279885263,2022-08-01,DTS,61.4673251611595
PEPSICO,DICIEMBRE 2019,1536.556673,2562,81081.324,52.7681962043713,2019-12-01,DTS,61.825610780051015
PEPSICO,DICIEMBRE 2020,1662.796228,1953,80321.715,48.30520640319856,2020-12-01,DTS,65.49589945876525
PEPSICO,DICIEMBRE 2021,1744.18853,2957,106074.716,60.81608391267199,2021-12-01,DTS,63.48945832456704
PEPSICO,ENERO 2020,1577.273096,2614,81714.257,51.80729780228243,2020-01-01,DTS,62.84463160724943
PEPSICO,ENERO 2021,1676.572172,1996,78827.118,47.01683549117145,2021-01-01,DTS,67.32400747435689
PEPSICO,ENERO 2022,1790.007008,2984,114064.299,63.72282258684878,2022-01-01,DTS,63.4815442964934
PEPSICO,FEBRERO 2020,1525.824518,2488,71709.883,46.99746409501594,2020-02-01,DTS,60.363123628643294
PEPSICO,FEBRERO 2021,1635.23744,2216,73427.635,44.90334749184803,2021-02-01,DTS,64.01091559436067
PEPSICO,FEBRERO 2022,1721.816779,2868,107034.968,62.16397081585183,2022-02-01,DTS,62.48752547848099
PEPSICO,JULIO 2020,1638.698459,1600,57083.513,34.83466569855364,2020-07-01,DTS,67.21273575170628
PEPSICO,JULIO 2021,1672.76673,2811,95180.588,56.90009628539181,2021-07-01,DTS,64.88701636821119
PEPSICO,JULIO 2022,2197.39382,3028,136887.438,62.29535950911158,2022-07-01,DTS,61.896719179163874
PEPSICO,JUNIO 2020,1618.900429,1476,50333.959,31.091448305496744,2020-06-01,DTS,67.38214413761081
PEPSICO,JUNIO 2021,1667.555494,2637,83611.875,50.14038531301796,2021-06-01,DTS,65.81419814593102
PEPSICO,JUNIO 2022,2118.254511,3019,129080.026,60.93697680316187,2022-06-01,DTS,61.39915459640933
PEPSICO,MARZO 2020,1535.999935,2407,73130.731,47.61115500958664,2020-03-01,DTS,62.28979618502022
PEPSICO,MARZO 2021,1612.588417,2500,74483.113,46.18854520768891,2021-03-01,DTS,63.3337669916468
PEPSICO,MARZO 2022,1795.067527,3005,118907.447,66.24121110291803,2022-03-01,DTS,62.39784049614017
PEPSICO,MAYO 2020,1614.452745,1358,45186.399,27.98867860328733,2020-05-01,DTS,66.5102630982708
PEPSICO,MAYO 2021,1664.36535,2497,75038.622,45.08542670634185,2021-05-01,DTS,64.63281949815035
PEPSICO,MAYO 2022,2016.274174,3025,125380.434,62.18421860319875,2022-05-01,DTS,61.744875479932645
PEPSICO,NOVIEMBRE 2019,1514.793368,2615,75134.182,49.60028449239949,2019-11-01,DTS,61.837098938303846
PEPSICO,NOVIEMBRE 2020,1626.521456,1942,70298.703,43.22027400295173,2020-11-01,DTS,64.7274758177648
PEPSICO,NOVIEMBRE 2021,1684.263037,2920,100281.848,59.54049088355075,2021-11-01,DTS,63.281434405417485
PEPSICO,OCTUBRE 2019,1500.127119,2597,77847.363,51.89384420427906,2019-10-01,DTS,61.28784652719961
PEPSICO,OCTUBRE 2020,1617.651916,1962,71611.475,44.26877889594142,2020-10-01,DTS,65.06022107500185
PEPSICO,OCTUBRE 2021,1665.621793,2865,99880.559,59.96592949237426,2021-10-01,DTS,62.94361014483735
PEPSICO,SEPTIEMBRE 2019,1489.003191,2594,72284.078,48.54528078711149,2019-09-01,DTS,61.14947574938714
PEPSICO,SEPTIEMBRE 2020,1617.390614,1698,63826.598,39.462698402922726,2020-09-01,DTS,66.52117731646396
PEPSICO,SEPTIEMBRE 2021,1655.290165,2829,95215.582,57.52198859950334,2021-09-01,DTS,63.11190015178447
RAMO,ABRIL 2020,1125.139974,80,2511.029,2.2317481007034243,2020-04-01,DTS,3.252739345513654
RAMO,ABRIL 2021,1222.704115,170,3805.126,3.112057899633388,2021-04-01,DTS,3.3370810011483307
RAMO,ABRIL 2022,1471.210106,199,6075.54,4.129620898620988,2022-04-01,DTS,3.1467787587580665
RAMO,AGOSTO 2019,1049.902802,142,3419.11,3.256596699700969,2019-08-01,DTS,2.817647451816544
RAMO,AGOSTO 2020,1189.134983,76,2746.522,2.3096805991452363,2020-08-01,DTS,3.3102364684305887
RAMO,AGOSTO 2021,1227.913059,190,4624.332,3.766009300174729,2021-08-01,DTS,3.107038429733814
RAMO,AGOSTO 2022,1690.641058,210,7359.923,4.353332698962526,2022-08-01,DTS,3.3156082336333546
RAMO,DICIEMBRE 2019,1057.968521,149,3771.89,3.565219498624383,2019-12-01,DTS,2.876117354042796
RAMO,DICIEMBRE 2020,1182.397452,90,3389.33,2.866489600655872,2020-12-01,DTS,2.763726059790641
RAMO,DICIEMBRE 2021,1270.584442,214,5117.875,4.027969201278792,2021-12-01,DTS,3.0632286729180924
RAMO,ENERO 2020,1076.208996,151,3602.005,3.3469382000965915,2020-01-01,DTS,2.77022254846508
RAMO,ENERO 2021,1197.405561,88,3084.095,2.5756478009208106,2021-01-01,DTS,2.634038134333754
RAMO,ENERO 2022,1296.472227,207,5414.465,4.176306200194445,2022-01-01,DTS,3.013375813051839
RAMO,FEBRERO 2020,1073.752003,153,3816.043,3.553933300555622,2020-02-01,DTS,3.2122249506559486
RAMO,FEBRERO 2021,1220.030316,114,3287.079,2.694260099025277,2021-02-01,DTS,2.865527895880012
RAMO,FEBRERO 2022,1335.067278,185,5443.818,4.077560801396557,2022-02-01,DTS,3.1781269460949764
RAMO,JULIO 2020,1164.221029,81,2956.104,2.5391260992245828,2020-07-01,DTS,3.480651882909903
RAMO,JULIO 2021,1241.107659,175,4746.144,3.8241194996928143,2021-07-01,DTS,3.2355665150323225
RAMO,JULIO 2022,1649.129515,214,7066.674,4.285093399713969,2022-07-01,DTS,3.195354829481861
RAMO,JUNIO 2020,1145.548185,75,2423.608,2.115675300031137,2020-06-01,DTS,3.244487555391116
RAMO,JUNIO 2021,1247.666781,160,4085.619,3.2746075011513835,2021-06-01,DTS,3.2159515429450725
RAMO,JUNIO 2022,1618.068458,218,6699.3,4.140306899178181,2022-06-01,DTS,3.186638313721172
RAMO,MARZO 2020,1080.872049,140,3681.636,3.4061718992605754,2020-03-01,DTS,3.1358685046842085
RAMO,MARZO 2021,1219.775573,157,3883.384,3.183687299499644,2021-03-01,DTS,3.302081874519521
RAMO,MARZO 2022,1392.060833,195,6209.965,4.460986799418126,2022-03-01,DTS,3.258739593968518
RAMO,MAYO 2020,1153.721533,68,2053.107,1.7795515999960103,2020-05-01,DTS,3.0219864773668177
RAMO,MAYO 2021,1258.269258,168,3784.162,3.0074342005421544,2021-05-01,DTS,3.259402331478843
RAMO,MAYO 2022,1518.203944,205,6349.288,4.182104798958419,2022-05-01,DTS,3.1267717333490053
RAMO,NOVIEMBRE 2019,1049.63558,156,3656.079,3.483188898760464,2019-11-01,DTS,3.0090341417339843
RAMO,NOVIEMBRE 2020,1143.899845,90,3266.774,2.8558217000195505,2020-11-01,DTS,3.0078796060732835
RAMO,NOVIEMBRE 2021,1221.499341,212,4879.236,3.9944647010660974,2021-11-01,DTS,3.078972506395689
RAMO,OCTUBRE 2019,1049.444448,154,3861.744,3.6797983993908367,2019-10-01,DTS,3.040282476868664
RAMO,OCTUBRE 2020,1167.762078,93,3360.791,2.877975799450477,2020-10-01,DTS,3.053334754616862
RAMO,OCTUBRE 2021,1228.392826,188,4744.961,3.862739100692208,2021-10-01,DTS,2.9902213035918
RAMO,SEPTIEMBRE 2019,1041.309818,146,3512.32,3.3729826986035394,2019-09-01,DTS,2.9712840310986253
RAMO,SEPTIEMBRE 2020,1176.530326,78,3092.125,2.6281727990069674,2020-09-01,DTS,3.222665814174698
RAMO,SEPTIEMBRE 2021,1227.930183,196,4911.365,3.999710299490211,2021-09-01,DTS,3.2554081063010143
YUPI,ABRIL 2020,1010.77218,339,7648.402,7.566890097826,2020-04-01,DTS,9.90759490061856
YUPI,ABRIL 2021,1089.794134,569,10608.885,9.734760602042297,2021-04-01,DTS,9.303951715887331
YUPI,ABRIL 2022,1319.095911,779,20273.926,15.369561705812917,2022-04-01,DTS,10.500722519057216
YUPI,AGOSTO 2019,924.839622,678,12273.9,13.271382094829844,2019-08-01,DTS,10.114773452404595
YUPI,AGOSTO 2020,1006.323661,324,7693.107,7.6447641033852225,2020-08-01,DTS,9.272091520453372
YUPI,AGOSTO 2021,1114.561181,668,13589.905,12.19305429945707,2021-08-01,DTS,9.130909521944297
YUPI,AGOSTO 2022,1529.755277,767,23692.56,15.487810603578,2022-08-01,DTS,10.673378921471365
YUPI,DICIEMBRE 2019,910.081811,693,13585.534,14.927816198273629,2019-12-01,DTS,10.359154190959556
YUPI,DICIEMBRE 2020,1072.96922,431,12103.606,11.280478297410992,2020-12-01,DTS,9.86951737353352
YUPI,DICIEMBRE 2021,1159.572401,769,16132.069,13.912084304600484,2021-12-01,DTS,9.655612205122848
YUPI,ENERO 2020,954.355956,727,14022.529,14.693185400940695,2020-01-01,DTS,10.784417573630655
YUPI,ENERO 2021,1077.224306,441,11225.085,10.420378501931053,2021-01-01,DTS,9.587026972624972
YUPI,ENERO 2022,1230.103034,800,18264.166,14.847671695117532,2022-01-01,DTS,10.164770862857877
YUPI,FEBRERO 2020,937.289408,693,12936.648,13.802191606543792,2020-02-01,DTS,10.88966331968832
YUPI,FEBRERO 2021,1099.299397,482,10844.764,9.86515960037409,2021-02-01,DTS,9.45397836992518
YUPI,FEBRERO 2022,1250.346728,783,17897.675,14.31416950130972,2022-02-01,DTS,10.448748137786826
YUPI,JULIO 2020,1006.386915,344,7930.22,7.879891800858719,2020-07-01,DTS,9.337403276369766
YUPI,JULIO 2021,1139.741374,616,13381.751,11.741041700570923,2021-07-01,DTS,9.1226784202292
YUPI,JULIO 2022,1467.439125,780,23202.419,15.81150359474026,2022-07-01,DTS,10.491493113636158
YUPI,JUNIO 2020,1008.670518,305,6902.803,6.843466599665204,2020-06-01,DTS,9.240792418087604
YUPI,JUNIO 2021,1160.523731,565,10700.605,9.220496500127147,2021-06-01,DTS,8.42286741866918
YUPI,JUNIO 2022,1425.428709,781,22492.498,15.779461896610362,2022-06-01,DTS,10.69894703895882
YUPI,MARZO 2020,919.503112,645,12005.964,13.057012905465838,2020-03-01,DTS,10.22619410935042
YUPI,MARZO 2021,1077.248673,561,10886.851,10.106163296243857,2021-03-01,DTS,9.257202830751408
YUPI,MARZO 2022,1293.3481,764,19739.024,15.261957704967443,2022-03-01,DTS,10.358245023135373
YUPI,MAYO 2020,1029.87012,301,6906.646,6.706327201725204,2020-05-01,DTS,10.165953754947804
YUPI,MAYO 2021,1102.069808,554,10415.849,9.451169902660103,2021-05-01,DTS,8.9714559035611
YUPI,MAYO 2022,1380.899382,790,22095.308,16.00066470302758,2022-05-01,DTS,10.881060127378088
YUPI,NOVIEMBRE 2019,896.352339,699,12906.824,14.399275193948036,2019-11-01,DTS,10.622602541507334
YUPI,NOVIEMBRE 2020,1044.045632,424,10864.973,10.406607400087278,2020-11-01,DTS,10.003915393974872
YUPI,NOVIEMBRE 2021,1112.896064,718,14984.559,13.464472995027142,2021-11-01,DTS,9.45579291132138
YUPI,OCTUBRE 2019,900.032648,706,13597.528,15.107816400011304,2019-10-01,DTS,10.705092338366034
YUPI,OCTUBRE 2020,1010.793017,399,10606.726,10.493469802037623,2020-10-01,DTS,9.636387721967324
YUPI,OCTUBRE 2021,1104.630618,718,15423.217,13.962329803898305,2021-10-01,DTS,9.71953869448436
YUPI,SEPTIEMBRE 2019,894.078631,710,12560.188,14.048191696463888,2019-09-01,DTS,10.625423091289116
YUPI,SEPTIEMBRE 2020,1014.978301,348,9258.445,9.121815698796894,2020-09-01,DTS,9.649310488391206
YUPI,SEPTIEMBRE 2021,1108.295964,713,14505.647,13.088243096769052,2021-09-01,DTS,9.614801756933357
COMESTIBLES,ABRIL 2020,1251.396901,628,1278.361,1.0215471997560908,2020-04-01,SUPERCADENAS,3.498733928192809
COMESTIBLES,ABRIL 2021,1200.66301,724,1327.192,1.1053826002351816,2021-04-01,SUPERCADENAS,3.8643800571979456
COMESTIBLES,ABRIL 2022,1560.388948,591,1979.173,1.2683844002719762,2022-04-01,SUPERCADENAS,3.9996734256047457
COMESTIBLES,AGOSTO 2019,1165.969182,713,1579.902,1.3550117999602498,2019-08-01,SUPERCADENAS,4.200830108929761
COMESTIBLES,AGOSTO 2020,1245.723753,762,1180.944,0.947998299908792,2020-08-01,SUPERCADENAS,3.980810706104247
COMESTIBLES,AGOSTO 2021,1484.927213,732,1456.728,0.9810097001704016,2021-08-01,SUPERCADENAS,3.5732584606128377
COMESTIBLES,AGOSTO 2022,1916.456898,675,2264.299,1.181502700302316,2022-08-01,SUPERCADENAS,3.866317658048973
COMESTIBLES,DICIEMBRE 2019,1631.627177,698,1372.08,0.840927400169187,2019-12-01,SUPERCADENAS,3.631944819257354
COMESTIBLES,DICIEMBRE 2020,1491.328991,754,1305.707,0.8755325001255877,2020-12-01,SUPERCADENAS,3.488758932699323
COMESTIBLES,DICIEMBRE 2021,1605.070722,664,1571.492,0.9790795997087536,2021-12-01,SUPERCADENAS,3.4866462654112103
COMESTIBLES,ENERO 2020,1507.072274,650,1410.215,0.9357315002929978,2020-01-01,SUPERCADENAS,3.432787361556832
COMESTIBLES,ENERO 2021,1524.347448,750,1292.275,0.8477562000025076,2021-01-01,SUPERCADENAS,3.414933762797596
COMESTIBLES,ENERO 2022,1556.779993,599,1565.887,1.0058498998194665,2022-01-01,SUPERCADENAS,3.148935066324455
COMESTIBLES,FEBRERO 2020,1167.918388,657,1361.024,1.1653417002284578,2020-02-01,SUPERCADENAS,3.702057668554827
COMESTIBLES,FEBRERO 2021,1362.447929,735,1153.457,0.8466062999168023,2021-02-01,SUPERCADENAS,3.625293314763345
COMESTIBLES,FEBRERO 2022,1460.276904,574,1574.912,1.0785023002733185,2022-02-01,SUPERCADENAS,3.579944525716883
COMESTIBLES,JULIO 2020,1315.870008,686,1243.067,0.9446731002626514,2020-07-01,SUPERCADENAS,4.094439767219106
COMESTIBLES,JULIO 2021,1433.007832,726,1503.017,1.0488547001884077,2021-07-01,SUPERCADENAS,3.660988682777044
COMESTIBLES,JULIO 2022,1821.744343,637,2610.742,1.4331000999298835,2022-07-01,SUPERCADENAS,4.402755510270092
COMESTIBLES,JUNIO 2020,1361.718415,694,1242.316,0.9123149002872228,2020-06-01,SUPERCADENAS,3.919956299502892
COMESTIBLES,JUNIO 2021,1418.198986,704,1413.978,0.9970236997475896,2021-06-01,SUPERCADENAS,3.83526577408463
COMESTIBLES,JUNIO 2022,1906.155553,641,2232.55,1.1712318003041802,2022-06-01,SUPERCADENAS,4.183388446641191
COMESTIBLES,MARZO 2020,1111.851892,662,1671.189,1.5030680003555728,2020-03-01,SUPERCADENAS,3.640093691644745
COMESTIBLES,MARZO 2021,1054.416967,776,1559.694,1.4792004006134318,2021-03-01,SUPERCADENAS,3.992484874088928
COMESTIBLES,MARZO 2022,1492.248292,568,1720.472,1.1529395002316412,2022-03-01,SUPERCADENAS,3.389212484111761
COMESTIBLES,MAYO 2020,1343.723087,648,1217.648,0.9061748002845766,2020-05-01,SUPERCADENAS,3.574300139493775
COMESTIBLES,MAYO 2021,1323.295698,707,1290.526,0.975236299755582,2021-05-01,SUPERCADENAS,3.765693660791807
COMESTIBLES,MAYO 2022,1717.591572,621,2155.209,1.254785500309849,2022-05-01,SUPERCADENAS,4.171117120248923
COMESTIBLES,NOVIEMBRE 2019,1341.123286,688,1344.127,1.002239700131491,2019-11-01,SUPERCADENAS,3.839492718393077
COMESTIBLES,NOVIEMBRE 2020,1509.021652,762,1184.984,0.7852663998753545,2020-11-01,SUPERCADENAS,3.5126726639025554
COMESTIBLES,NOVIEMBRE 2021,1516.98335,692,1444.521,0.9522326003116646,2021-11-01,SUPERCADENAS,3.56339110309292
COMESTIBLES,OCTUBRE 2019,1252.76609,657,1524.523,1.21692549963577,2019-10-01,SUPERCADENAS,3.893822465318173
COMESTIBLES,OCTUBRE 2020,1469.405918,800,1298.745,0.8838571997639116,2020-10-01,SUPERCADENAS,3.703364375844327
COMESTIBLES,OCTUBRE 2021,1459.96362,708,1499.539,1.0271071001070562,2021-10-01,SUPERCADENAS,3.4731267351864283
COMESTIBLES,SEPTIEMBRE 2019,1184.30983,683,1462.677,1.235045900108758,2019-09-01,SUPERCADENAS,3.9499346618090367
COMESTIBLES,SEPTIEMBRE 2020,1386.857013,814,1129.677,0.8145590997563062,2020-09-01,SUPERCADENAS,3.580437463123628
COMESTIBLES,SEPTIEMBRE 2021,1604.685909,728,1394.193,0.868826099974185,2021-09-01,SUPERCADENAS,3.4150157000391124
OTROS,ABRIL 2020,2035.294877,7946,11787.394,5.7914920010875655,2020-04-01,SUPERCADENAS,32.260805291131646
OTROS,ABRIL 2021,2251.700375,7980,12752.542,5.663516399245615,2021-04-01,SUPERCADENAS,37.131529562700194
OTROS,ABRIL 2022,2509.392468,7030,17356.144,6.916472501343302,2022-04-01,SUPERCADENAS,35.0747043981346
OTROS,AGOSTO 2019,1882.44018,8459,13848.693,7.356777201812596,2019-08-01,SUPERCADENAS,36.82254122326879
OTROS,AGOSTO 2020,2213.445549,7966,11797.916,5.330113498988088,2020-08-01,SUPERCADENAS,39.7692611355988
OTROS,AGOSTO 2021,2393.272915,7788,14869.099,6.212872300023501,2021-08-01,SUPERCADENAS,36.47292686310682
OTROS,AGOSTO 2022,2420.524788,7429,24341.567,10.056318002061294,2022-08-01,SUPERCADENAS,41.563517148875725
OTROS,DICIEMBRE 2019,2175.95953,8780,14914.756,6.85433519988306,2019-12-01,SUPERCADENAS,39.47989241493757
OTROS,DICIEMBRE 2020,2474.789743,8429,15109.684,6.1054414997225885,2020-12-01,SUPERCADENAS,40.37203218276691
OTROS,DICIEMBRE 2021,2563.258708,7557,17650.763,6.886063800314611,2021-12-01,SUPERCADENAS,39.16148914255266
OTROS,ENERO 2020,2104.722967,8485,15013.73,7.133352101630769,2020-01-01,SUPERCADENAS,36.54686880640658
OTROS,ENERO 2021,2426.413313,8233,14038.714,5.785788400016085,2021-01-01,SUPERCADENAS,37.09835632884585
OTROS,ENERO 2022,2466.819325,7212,18435.308,7.473311001404613,2022-01-01,SUPERCADENAS,37.07265455278176
OTROS,FEBRERO 2020,1876.929595,8358,12872.614,6.8583361007742,2020-02-01,SUPERCADENAS,35.01419473355814
OTROS,FEBRERO 2021,2258.163126,8098,11609.561,5.141152499715382,2021-02-01,SUPERCADENAS,36.48862842796675
OTROS,FEBRERO 2022,2250.155837,6939,16648.041,7.398616898550393,2022-02-01,SUPERCADENAS,37.84278946497342
OTROS,JULIO 2020,2185.08698,8010,12098.64,5.536914599161631,2020-07-01,SUPERCADENAS,39.85075039822292
OTROS,JULIO 2021,2397.809077,7749,14658.737,6.113387900900001,2021-07-01,SUPERCADENAS,35.70516518496139
OTROS,JULIO 2022,2424.388263,7485,24052.996,9.921264001763566,2022-07-01,SUPERCADENAS,40.56297431056171
OTROS,JUNIO 2020,2195.014806,8371,12534.152,5.710281300034201,2020-06-01,SUPERCADENAS,39.549782898495046
OTROS,JUNIO 2021,2377.722241,7775,13578.544,5.710736000134845,2021-06-01,SUPERCADENAS,36.83036445057999
OTROS,JUNIO 2022,2321.778758,7490,21114.074,9.09392160094868,2022-06-01,SUPERCADENAS,39.56389475403782
OTROS,MARZO 2020,1898.467408,8478,15900.217,8.37529100209868,2020-03-01,SUPERCADENAS,34.63299459096639
OTROS,MARZO 2021,2212.770716,8344,14181.925,6.409125399868135,2021-03-01,SUPERCADENAS,36.30271133181484
OTROS,MARZO 2022,2460.808475,6993,18770.124,7.627624900796069,2022-03-01,SUPERCADENAS,36.97586394264236
OTROS,MAYO 2020,2130.487988,8008,12416.102,5.82782070114164,2020-05-01,SUPERCADENAS,36.44639100180754
OTROS,MAYO 2021,2284.711111,7823,12944.944,5.6658997006996215,2021-05-01,SUPERCADENAS,37.772732637780976
OTROS,MAYO 2022,2347.095634,7172,18821.032,8.018860300091207,2022-05-01,SUPERCADENAS,36.42557580074732
OTROS,NOVIEMBRE 2019,1928.938774,8464,12979.585,6.72887350026383,2019-11-01,SUPERCADENAS,37.07612606194505
OTROS,NOVIEMBRE 2020,2341.865148,8232,13361.291,5.705405800761334,2020-11-01,SUPERCADENAS,39.607152206398766
OTROS,NOVIEMBRE 2021,2222.992772,7782,15406.246,6.930407599184042,2021-11-01,SUPERCADENAS,38.00462570531053
OTROS,OCTUBRE 2019,1882.380464,8421,14073.082,7.476215499015081,2019-10-01,SUPERCADENAS,35.944412021245206
OTROS,OCTUBRE 2020,2346.689959,8078,13830.21,5.893496900584812,2020-10-01,SUPERCADENAS,39.43676936153439
OTROS,OCTUBRE 2021,2191.12257,7519,15842.823,7.230459499123319,2021-10-01,SUPERCADENAS,36.69403204726683
OTROS,SEPTIEMBRE 2019,1866.235361,8498,13810.405,7.40014110149529,2019-09-01,SUPERCADENAS,37.29476665259715
OTROS,SEPTIEMBRE 2020,2278.263796,8256,12892.526,5.658925899027015,2020-09-01,SUPERCADENAS,40.862019041456456
OTROS,SEPTIEMBRE 2021,2297.202658,7558,15453.832,6.727239299581203,2021-09-01,SUPERCADENAS,37.85349582573348
PEPSICO,ABRIL 2020,1001.007609,4617,18868.472,18.84947909521835,2020-04-01,SUPERCADENAS,51.6409395777531
PEPSICO,ABRIL 2021,1066.793663,4785,16078.703,15.071989605547554,2021-04-01,SUPERCADENAS,46.81630029325733
PEPSICO,ABRIL 2022,1413.780426,4444,25742.4,18.20820229689614,2022-04-01,SUPERCADENAS,52.022331140980405
PEPSICO,AGOSTO 2019,1037.123912,5367,17583.717,16.95430680610901,2019-08-01,SUPERCADENAS,46.7536643415225
PEPSICO,AGOSTO 2020,966.424914,4140,13212.654,13.671681895402791,2020-08-01,SUPERCADENAS,44.538161419382384
PEPSICO,AGOSTO 2021,1103.963992,5129,19634.64,17.78558009344928,2021-08-01,SUPERCADENAS,48.16248709511126
PEPSICO,AGOSTO 2022,1741.637321,4344,26560.256,15.250164704066997,2022-08-01,SUPERCADENAS,45.3519551857335
PEPSICO,DICIEMBRE 2019,1121.6533,5038,17543.716,15.6409435963858,2019-12-01,SUPERCADENAS,46.43884353443121
PEPSICO,DICIEMBRE 2020,1156.96603,4726,16825.026,14.54236819727542,2020-12-01,SUPERCADENAS,44.95530754633188
PEPSICO,DICIEMBRE 2021,1324.732895,4854,20253.919,15.289058704924814,2021-12-01,SUPERCADENAS,44.9370732025942
PEPSICO,ENERO 2020,1249.842347,4853,20055.357,16.04630939905255,2020-01-01,SUPERCADENAS,48.81934743362561
PEPSICO,ENERO 2021,1115.578309,4663,17956.677,16.09629450046971,2021-01-01,SUPERCADENAS,47.45186787251245
PEPSICO,ENERO 2022,1251.966894,4532,23563.41,18.821112693096502,2022-01-01,SUPERCADENAS,47.38505909505624
PEPSICO,FEBRERO 2020,945.584219,4777,18234.008,19.283325201094545,2020-02-01,SUPERCADENAS,49.59747156912008
PEPSICO,FEBRERO 2021,980.658413,4624,15350.466,15.65322419764934,2021-02-01,SUPERCADENAS,48.24622137479077
PEPSICO,FEBRERO 2022,1172.163545,4561,21122.746,18.02030620223733,2022-02-01,SUPERCADENAS,48.01427566162947
PEPSICO,JULIO 2020,889.565839,4009,13082.036,14.706090798974577,2020-07-01,SUPERCADENAS,43.08988046066059
PEPSICO,JULIO 2021,1019.229702,5145,20728.909,20.337818805048915,2021-07-01,SUPERCADENAS,50.49064731491074
PEPSICO,JULIO 2022,1575.854855,4267,27255.096,17.29543549872174,2022-07-01,SUPERCADENAS,45.962995997666695
PEPSICO,JUNIO 2020,945.174682,4216,14077.437,14.894005592925945,2020-06-01,SUPERCADENAS,44.41940524713929
PEPSICO,JUNIO 2021,1164.762776,5146,18786.036,16.128636995521568,2021-06-01,SUPERCADENAS,50.95513572454573
PEPSICO,JUNIO 2022,1647.535688,4196,25263.16,15.333907595451128,2022-06-01,SUPERCADENAS,47.33851948204871
PEPSICO,MARZO 2020,929.036357,4869,22931.183,24.68276168873336,2020-03-01,SUPERCADENAS,49.94746529581707
PEPSICO,MARZO 2021,937.301945,4663,18769.834,20.02538680318219,2021-03-01,SUPERCADENAS,48.04678246768922
PEPSICO,MARZO 2022,1217.094164,4792,25664.865,21.0870002988528,2022-03-01,SUPERCADENAS,50.55803341236765
PEPSICO,MAYO 2020,953.722274,4407,16263.773,17.052944492727658,2020-05-01,SUPERCADENAS,47.74089564684957
PEPSICO,MAYO 2021,1094.808391,4978,16048.101,14.658364999688793,2021-05-01,SUPERCADENAS,46.82759758691158
PEPSICO,MAYO 2022,1499.613757,4269,25956.137,17.308548203722566,2022-05-01,SUPERCADENAS,50.23461177835955
PEPSICO,NOVIEMBRE 2019,1103.145197,5121,16708.396,15.146143993953318,2019-11-01,SUPERCADENAS,47.727457880117
PEPSICO,NOVIEMBRE 2020,1080.613984,4659,15335.046,14.191049002749162,2020-11-01,SUPERCADENAS,45.457995115451546
PEPSICO,NOVIEMBRE 2021,1215.876458,5296,18419.222,15.148925599149978,2021-11-01,SUPERCADENAS,45.43713230939071
PEPSICO,OCTUBRE 2019,998.872566,5253,18893.04,18.91436469784876,2019-10-01,SUPERCADENAS,48.25518774735104
PEPSICO,OCTUBRE 2020,999.188652,4392,16123.507,16.13659939764808,2020-10-01,SUPERCADENAS,45.97609341131373
PEPSICO,OCTUBRE 2021,1046.61344,4971,20445.947,19.535337707874262,2021-10-01,SUPERCADENAS,47.35546401387676
PEPSICO,SEPTIEMBRE 2019,1051.018332,5276,17378.631,16.535040798888748,2019-09-01,SUPERCADENAS,46.930701010331774
PEPSICO,SEPTIEMBRE 2020,1007.665487,4333,14103.37,13.996083206132472,2020-09-01,SUPERCADENAS,44.69971000940434
PEPSICO,SEPTIEMBRE 2021,1167.583218,4923,18997.207,16.270537900108803,2021-09-01,SUPERCADENAS,46.53284026092007
RAMO,ABRIL 2020,1446.02596,671,1395.825,0.9652835001662072,2020-04-01,SUPERCADENAS,3.8202200202601047
RAMO,ABRIL 2021,1531.210258,549,1108.173,0.7237235998193006,2021-04-01,SUPERCADENAS,3.226663241735347
RAMO,ABRIL 2022,1798.386447,539,1550.451,0.8621344998381207,2022-04-01,SUPERCADENAS,3.1332772134635545
RAMO,AGOSTO 2019,1440.509825,813,1203.775,0.8356590001043555,2019-08-01,SUPERCADENAS,3.200739200518085
RAMO,AGOSTO 2020,1469.388143,561,1098.715,0.7477363998301979,2020-08-01,SUPERCADENAS,3.703627297278557
RAMO,AGOSTO 2021,1629.614754,591,1343.78,0.8245997998616549,2021-08-01,SUPERCADENAS,3.2962044075505643
RAMO,AGOSTO 2022,2028.045044,524,1746.148,0.8610006001424887,2022-08-01,SUPERCADENAS,2.981568620560667
RAMO,DICIEMBRE 2019,1487.56512,766,1057.916,0.7111728997786665,2019-12-01,SUPERCADENAS,2.8003414782005884
RAMO,DICIEMBRE 2020,1556.149637,557,1135.258,0.7295300998100609,2020-12-01,SUPERCADENAS,3.0333309757996
RAMO,DICIEMBRE 2021,1771.680112,571,1386.449,0.7825616998290265,2021-12-01,SUPERCADENAS,3.076094073678458
RAMO,ENERO 2020,1530.627128,775,1131.281,0.7390963999692026,2020-01-01,SUPERCADENAS,2.7537979096587217
RAMO,ENERO 2021,1573.03942,561,1188.268,0.7553961997977139,2021-01-01,SUPERCADENAS,3.140087452323981
RAMO,ENERO 2022,1798.046662,557,1609.88,0.8953494000035023,2022-01-01,SUPERCADENAS,3.2374031999591377
RAMO,FEBRERO 2020,1449.01139,782,1041.765,0.7189487999814826,2020-02-01,SUPERCADENAS,2.8336562081800327
RAMO,FEBRERO 2021,1505.242466,548,993.165,0.6598039999756424,2021-02-01,SUPERCADENAS,3.121498621064277
RAMO,FEBRERO 2022,1656.783536,551,1470.684,0.8876742000652039,2022-02-01,SUPERCADENAS,3.343023060881756
RAMO,JULIO 2020,1456.754233,567,1132.28,0.7772621999993872,2020-07-01,SUPERCADENAS,3.729527257683496
RAMO,JULIO 2021,1557.982645,541,1238.623,0.7950171999509019,2021-07-01,SUPERCADENAS,3.016988354241735
RAMO,JULIO 2022,2024.993302,536,1787.576,0.8827565001002655,2022-07-01,SUPERCADENAS,3.0145683043466454
RAMO,JUNIO 2020,1438.788312,606,1138.446,0.7912533000893602,2020-06-01,SUPERCADENAS,3.592208881913997
RAMO,JUNIO 2021,1559.377669,536,1158.297,0.7427943999882943,2021-06-01,SUPERCADENAS,3.141758103962653
RAMO,JUNIO 2022,2020.622858,538,1602.949,0.79329450008627,2022-06-01,SUPERCADENAS,3.003631868112718
RAMO,MARZO 2020,1407.50156,776,1443.421,1.0255200001341385,2020-03-01,SUPERCADENAS,3.1439817258775338
RAMO,MARZO 2021,1454.624098,560,1168.645,0.8033999997709373,2021-03-01,SUPERCADENAS,2.9914826149742546
RAMO,MARZO 2022,1731.727105,551,1709.947,0.9874228999840018,2022-03-01,SUPERCADENAS,3.3684789520372624
RAMO,MAYO 2020,1454.882278,622,1337.608,0.9193925998183065,2020-05-01,SUPERCADENAS,3.926432319511048
RAMO,MAYO 2021,1519.302956,546,1104.431,0.7269327000506409,2021-05-01,SUPERCADENAS,3.2226772769258085
RAMO,MAYO 2022,1764.478302,534,1438.45,0.8152268001083076,2022-05-01,SUPERCADENAS,2.7839264876965824
RAMO,NOVIEMBRE 2019,1432.094396,760,1123.166,0.7842820997953266,2019-11-01,SUPERCADENAS,3.208318617620715
RAMO,NOVIEMBRE 2020,1528.369848,555,1088.168,0.7119794998729914,2020-11-01,SUPERCADENAS,3.225678985820497
RAMO,NOVIEMBRE 2021,1707.718268,592,1321.617,0.773908099927874,2021-11-01,SUPERCADENAS,3.2602075424977235
RAMO,OCTUBRE 2019,1417.033078,759,1232.388,0.8696960001381139,2019-10-01,SUPERCADENAS,3.1476731281774906
RAMO,OCTUBRE 2020,1548.757733,555,1103.97,0.7128100002197052,2020-10-01,SUPERCADENAS,3.1479645118948385
RAMO,OCTUBRE 2021,1697.163436,584,1396.83,0.823037999977275,2021-10-01,SUPERCADENAS,3.23523937524163
RAMO,SEPTIEMBRE 2019,1349.184474,801,1178.691,0.8736321998321485,2019-09-01,SUPERCADENAS,3.183035240495582
RAMO,SEPTIEMBRE 2020,1548.143343,567,1062.625,0.6863866997876565,2020-09-01,SUPERCADENAS,3.367920528834122
RAMO,SEPTIEMBRE 2021,1653.040377,592,1350.391,0.8169134999900852,2021-09-01,SUPERCADENAS,3.307724587766197
YUPI,ABRIL 2020,727.438755,1685,3207.765,4.409670199658251,2020-04-01,SUPERCADENAS,8.779301182662335
YUPI,ABRIL 2021,957.912054,1637,3077.631,3.212853400422916,2021-04-01,SUPERCADENAS,8.9611268451092
YUPI,ABRIL 2022,1418.207132,932,2855.197,2.0132440005244594,2022-04-01,SUPERCADENAS,5.7700138218166845
YUPI,AGOSTO 2019,707.586828,1780,3393.194,4.795445400801045,2019-08-01,SUPERCADENAS,9.022225125760846
YUPI,AGOSTO 2020,816.112366,1780,2375.688,2.9109815007998545,2020-08-01,SUPERCADENAS,8.008139441636002
YUPI,AGOSTO 2021,1000.184861,1375,3463.249,3.462608898656385,2021-08-01,SUPERCADENAS,8.495123173618511
YUPI,AGOSTO 2022,1579.799199,961,3652.473,2.3119856006459463,2022-08-01,SUPERCADENAS,6.2366413867811215
YUPI,DICIEMBRE 2019,893.03208,1800,2889.639,3.235761698504717,2019-12-01,SUPERCADENAS,7.648977753173288
YUPI,DICIEMBRE 2020,1104.590305,1594,3050.442,2.7616049011040342,2020-12-01,SUPERCADENAS,8.150570362402275
YUPI,DICIEMBRE 2021,1162.152923,1356,4209.113,3.6218237003909337,2021-12-01,SUPERCADENAS,9.338697315763476
YUPI,ENERO 2020,884.447496,1722,3470.173,3.923548899956408,2020-01-01,SUPERCADENAS,8.447198488752251
YUPI,ENERO 2021,1073.548116,1586,3365.942,3.1353433999226543,2021-01-01,SUPERCADENAS,8.89475458352012
YUPI,ENERO 2022,1221.32956,1283,4553.025,3.727925000030295,2022-01-01,SUPERCADENAS,9.15594808587842
YUPI,FEBRERO 2020,766.913542,1667,3254.576,4.243732600564772,2020-02-01,SUPERCADENAS,8.852619820586924
YUPI,FEBRERO 2021,1040.155726,1619,2710.28,2.605648300781455,2021-02-01,SUPERCADENAS,8.518358261414859
YUPI,FEBRERO 2022,1171.32504,1166,3176.254,2.7116760007111265,2022-02-01,SUPERCADENAS,7.219967286798469
YUPI,JULIO 2020,734.80646,1809,2803.857,3.815776197721506,2020-07-01,SUPERCADENAS,9.2354021162139
YUPI,JULIO 2021,1218.798274,1350,2925.662,2.400448099092073,2021-07-01,SUPERCADENAS,7.126210463109099
YUPI,JULIO 2022,1584.970202,968,3591.5,2.265973199665239,2022-07-01,SUPERCADENAS,6.056705877154861
YUPI,JUNIO 2020,825.712665,1923,2699.737,3.269584099209621,2020-06-01,SUPERCADENAS,8.518646672948782
YUPI,JUNIO 2021,1214.537934,1393,1930.942,1.5898572995909406,2021-06-01,SUPERCADENAS,5.237475946826982
YUPI,JUNIO 2022,1462.068343,948,3154.293,2.1574183006573726,2022-06-01,SUPERCADENAS,5.910565449159561
YUPI,MARZO 2020,718.825711,1705,3964.594,5.515375896174644,2020-03-01,SUPERCADENAS,8.635464695694267
YUPI,MARZO 2021,967.480005,1691,3385.648,3.499450099746506,2021-03-01,SUPERCADENAS,8.666538711432775
YUPI,MARZO 2022,1180.319641,1017,2897.771,2.455073099982414,2022-03-01,SUPERCADENAS,5.70841120884096
YUPI,MAYO 2020,781.262084,1817,2831.622,3.624420099209627,2020-05-01,SUPERCADENAS,8.31198089233805
YUPI,MAYO 2021,938.164279,1565,2882.603,3.072599399193284,2021-05-01,SUPERCADENAS,8.411298837589822
YUPI,MAYO 2022,1368.199184,944,3298.999,2.411197900553637,2022-05-01,SUPERCADENAS,6.384768812947642
YUPI,NOVIEMBRE 2019,800.02883,1826,2852.658,3.565694001302428,2019-11-01,SUPERCADENAS,8.148604721924162
YUPI,NOVIEMBRE 2020,1053.044811,1684,2765.052,2.625768600838773,2020-11-01,SUPERCADENAS,8.19650102842662
YUPI,NOVIEMBRE 2021,1084.086203,1381,3946.212,3.640127500082205,2021-11-01,SUPERCADENAS,9.73464333970812
YUPI,OCTUBRE 2019,719.463089,1714,3429.317,4.766494699215904,2019-10-01,SUPERCADENAS,8.758904637908069
YUPI,OCTUBRE 2020,1030.687905,1640,2712.896,2.6321216993421497,2020-10-01,SUPERCADENAS,7.735808339412721
YUPI,OCTUBRE 2021,1008.674347,1340,3990.337,3.956021100237221,2021-10-01,SUPERCADENAS,9.242137828428342
YUPI,SEPTIEMBRE 2019,751.73486,1802,3200.006,4.256827999169813,2019-09-01,SUPERCADENAS,8.64156243476645
YUPI,SEPTIEMBRE 2020,1078.347957,1751,2363.17,2.1914725990434647,2020-09-01,SUPERCADENAS,7.489912957181444
YUPI,SEPTIEMBRE 2021,1021.811214,1349,3629.753,3.552273600316937,2021-09-01,SUPERCADENAS,8.890923625541133
COMESTIBLES,ABRIL 2020,1769.806704,513,2136.488,1.2071872002582265,2020-04-01,SUPERETES,9.7272901443171
COMESTIBLES,ABRIL 2021,1838.354395,743,2440.357,1.3274682001671392,2021-04-01,SUPERETES,9.966567873220932
COMESTIBLES,ABRIL 2022,1961.641171,830,3107.537,1.5841516001705085,2022-04-01,SUPERETES,9.580239446100734
COMESTIBLES,AGOSTO 2019,1720.616358,798,2329.713,1.3539990998969686,2019-08-01,SUPERETES,9.507404752533189
COMESTIBLES,AGOSTO 2020,1750.776286,510,1836.679,1.049065500079546,2020-08-01,SUPERETES,8.572151721026035
COMESTIBLES,AGOSTO 2021,1646.489655,744,2300.694,1.3973328001262175,2021-08-01,SUPERETES,8.573596451422887
COMESTIBLES,AGOSTO 2022,2203.553293,843,3232.116,1.4667746000368689,2022-08-01,SUPERETES,8.857406032926663
COMESTIBLES,DICIEMBRE 2019,1735.357153,747,2378.657,1.3707017001588953,2019-12-01,SUPERETES,9.272377133227138
COMESTIBLES,DICIEMBRE 2020,1832.72979,570,2312.94,1.2620190999350756,2020-12-01,SUPERETES,9.081498611001171
COMESTIBLES,DICIEMBRE 2021,2071.154628,812,2316.323,1.1183727997347768,2021-12-01,SUPERETES,8.12871320901552
COMESTIBLES,ENERO 2020,1806.892648,714,2553.975,1.4134625002912735,2020-01-01,SUPERETES,9.567375096395809
COMESTIBLES,ENERO 2021,1888.445522,573,2585.978,1.369368599662469,2021-01-01,SUPERETES,9.698010897041764
COMESTIBLES,ENERO 2022,2144.917477,767,2461.124,1.147421300068972,2022-01-01,SUPERETES,8.170855432845443
COMESTIBLES,FEBRERO 2020,1616.287154,674,2167.144,1.340816200040157,2020-02-01,SUPERETES,8.817781325090603
COMESTIBLES,FEBRERO 2021,1794.31507,646,2278.319,1.2697430000406784,2021-02-01,SUPERETES,9.404132657304714
COMESTIBLES,FEBRERO 2022,1845.704211,798,2482.577,1.3450568001115106,2022-02-01,SUPERETES,8.60211197561532
COMESTIBLES,JULIO 2020,1763.617682,463,1852.049,1.0501420001072546,2020-07-01,SUPERETES,9.00333133891162
COMESTIBLES,JULIO 2021,1660.709107,692,2253.933,1.357211200022642,2021-07-01,SUPERETES,8.524363802221316
COMESTIBLES,JULIO 2022,2273.031303,836,3582.188,1.575951899682219,2022-07-01,SUPERETES,9.921503203339013
COMESTIBLES,JUNIO 2020,1791.037325,428,1696.981,0.9474850000683264,2020-06-01,SUPERETES,9.06227088739316
COMESTIBLES,JUNIO 2021,1625.054225,689,2040.109,1.2554098002483578,2021-06-01,SUPERETES,8.293106463407526
COMESTIBLES,JUNIO 2022,2138.105014,846,3529.442,1.6507336996497963,2022-06-01,SUPERETES,10.217705404657169
COMESTIBLES,MARZO 2020,1613.649562,687,2285.753,1.4165113998896868,2020-03-01,SUPERETES,9.096914296493948
COMESTIBLES,MARZO 2021,1681.96371,709,2224.213,1.322390600210988,2021-03-01,SUPERETES,9.201454749684416
COMESTIBLES,MARZO 2022,1777.53563,810,2729.11,1.5353334998972707,2022-03-01,SUPERETES,8.84449212737435
COMESTIBLES,MAYO 2020,1773.46154,428,1736.202,0.978990500126662,2020-05-01,SUPERETES,9.171564906364251
COMESTIBLES,MAYO 2021,1745.45118,669,2187.992,1.2535395003141825,2021-05-01,SUPERETES,8.66675301762946
COMESTIBLES,MAYO 2022,1985.740267,866,3365.684,1.694926600388066,2022-05-01,SUPERETES,10.21369474311618
COMESTIBLES,NOVIEMBRE 2019,1546.78999,648,2178.052,1.4081110002528527,2019-11-01,SUPERETES,8.733745766409797
COMESTIBLES,NOVIEMBRE 2020,1844.567719,531,1995.047,1.081579699921009,2020-11-01,SUPERETES,8.505981141383684
COMESTIBLES,NOVIEMBRE 2021,1984.381228,737,2155.675,1.0863210000089762,2021-11-01,SUPERETES,8.061991098908095
COMESTIBLES,OCTUBRE 2019,1604.389784,703,2278.989,1.420470899732431,2019-10-01,SUPERETES,8.821110726801102
COMESTIBLES,OCTUBRE 2020,1918.594615,561,2269.585,1.182941400051829,2020-10-01,SUPERETES,9.318605711239398
COMESTIBLES,OCTUBRE 2021,1946.261382,823,2219.389,1.1403345000450718,2021-10-01,SUPERETES,8.017015345107238
COMESTIBLES,SEPTIEMBRE 2019,1634.436088,758,2299.909,1.4071575003060015,2019-09-01,SUPERETES,9.26397654042764
COMESTIBLES,SEPTIEMBRE 2020,1827.971031,496,1948.527,1.065950699959424,2020-09-01,SUPERETES,8.615647939922551
COMESTIBLES,SEPTIEMBRE 2021,1792.949006,690,2094.622,1.1682552002262578,2021-09-01,SUPERETES,7.895101564217058
OTROS,ABRIL 2020,1377.821945,847,4389.031,3.185484899502018,2020-04-01,SUPERETES,19.982971113997465
OTROS,ABRIL 2021,1477.622993,1448,5189.181,3.511843700715884,2021-04-01,SUPERETES,21.19293392029464
OTROS,ABRIL 2022,1688.138772,1722,7015.978,4.156043399019805,2022-04-01,SUPERETES,21.629589346345657
OTROS,AGOSTO 2019,1281.261503,1359,5430.14,4.238119999145874,2019-08-01,SUPERETES,22.160042392741325
OTROS,AGOSTO 2020,1504.376252,970,4529.954,3.011184199416623,2020-08-01,SUPERETES,21.142209921967183
OTROS,AGOSTO 2021,1516.927416,1647,5938.705,3.914956600665724,2021-08-01,SUPERETES,22.130739730727928
OTROS,AGOSTO 2022,1824.650925,1950,8392.425,4.599468799765083,2022-08-01,SUPERETES,22.99890097567184
OTROS,DICIEMBRE 2019,1363.136178,1383,5948.256,4.363655000872554,2019-12-01,SUPERETES,23.18723250850422
OTROS,DICIEMBRE 2020,1581.256153,1108,5769.199,3.648491099341828,2020-12-01,SUPERETES,22.652110606020624
OTROS,DICIEMBRE 2021,1669.550285,1745,6492.943,3.8890371007902886,2021-12-01,SUPERETES,22.785799532053545
OTROS,ENERO 2020,1464.192229,1405,6033.512,4.12071030053254,2020-01-01,SUPERETES,22.601972396991066
OTROS,ENERO 2021,1636.177489,1036,5880.148,3.5938326003946144,2021-01-01,SUPERETES,22.05190430089441
OTROS,ENERO 2022,1724.934497,1692,6639.084,3.848890500796797,2022-01-01,SUPERETES,22.041553197042187
OTROS,FEBRERO 2020,1248.057751,1413,5444.292,4.362211600895702,2020-02-01,SUPERETES,22.152001124955326
OTROS,FEBRERO 2021,1525.872215,1243,5715.303,3.745597399189813,2021-02-01,SUPERETES,23.590843770644767
OTROS,FEBRERO 2022,1641.456824,1734,6193.44,3.773136100471687,2022-02-01,SUPERETES,21.46022636730097
OTROS,JULIO 2020,1502.734043,919,4613.635,3.070160699087856,2020-07-01,SUPERETES,22.42817797034501
OTROS,JULIO 2021,1547.075867,1576,5701.411,3.685282100001887,2021-07-01,SUPERETES,21.56270907342252
OTROS,JULIO 2022,1833.018752,1862,8191.594,4.468909001101152,2022-07-01,SUPERETES,22.68806832903595
OTROS,JUNIO 2020,1435.895748,891,4314.893,3.005018300256155,2020-06-01,SUPERETES,23.042526236956416
OTROS,JUNIO 2021,1519.821508,1474,5415.064,3.562960499964184,2021-06-01,SUPERETES,22.012403385390392
OTROS,JUNIO 2022,1781.474407,1822,7593.196,4.262309899128402,2022-06-01,SUPERETES,21.982239631029827
OTROS,MARZO 2020,1265.300451,1310,5490.012,4.338899899751952,2020-03-01,SUPERETES,21.8493287116864
OTROS,MARZO 2021,1468.007845,1442,5466.364,3.723661299643803,2021-03-01,SUPERETES,22.61406663449224
OTROS,MARZO 2022,1611.103637,1727,6714.262,4.167492298945136,2022-03-01,SUPERETES,21.759561688656284
OTROS,MAYO 2020,1409.409635,856,4260.312,3.0227634991299035,2020-05-01,SUPERETES,22.50528914801533
OTROS,MAYO 2021,1460.269451,1524,5466.329,3.743370099440641,2021-05-01,SUPERETES,21.652420738332424
OTROS,MAYO 2022,1712.491691,1724,7127.082,4.161819901057845,2022-05-01,SUPERETES,21.62824553854668
OTROS,NOVIEMBRE 2019,1299.431997,1423,5514.641,4.243885799896923,2019-11-01,SUPERETES,22.113095778714136
OTROS,NOVIEMBRE 2020,1468.781607,1071,5068.529,3.450839100819432,2020-11-01,SUPERETES,21.6099230186338
OTROS,NOVIEMBRE 2021,1591.612189,1765,5994.206,3.766122200764322,2021-11-01,SUPERETES,22.41768143018845
OTROS,OCTUBRE 2019,1279.260597,1359,5772.196,4.51213459832688,2019-10-01,SUPERETES,22.342003429063684
OTROS,OCTUBRE 2020,1472.210282,1070,5585.977,3.7942793011956426,2020-10-01,SUPERETES,22.93525784451868
OTROS,OCTUBRE 2021,1522.036313,1790,6244.629,4.102812098938404,2021-10-01,SUPERETES,22.557238283825715
OTROS,SEPTIEMBRE 2019,1284.901173,1391,5511.806,4.289673101574793,2019-09-01,SUPERETES,22.20141817758368
OTROS,SEPTIEMBRE 2020,1517.654231,986,5125.519,3.377264000788069,2020-09-01,SUPERETES,22.66310254535036
OTROS,SEPTIEMBRE 2021,1468.242489,1692,6052.985,4.122605799347631,2021-09-01,SUPERETES,22.815062260246663
PEPSICO,ABRIL 2020,1482.33839,2976,12826.207,8.652684897407266,2020-04-01,SUPERETES,58.396881676878586
PEPSICO,ABRIL 2021,1638.65478,4142,13704.758,8.36341990226886,2021-04-01,SUPERETES,55.9710734097788
PEPSICO,ABRIL 2022,1984.5705,4185,17943.363,9.041433902196976,2022-04-01,SUPERETES,55.317672487344296
PEPSICO,AGOSTO 2019,1446.986709,4064,14000.945,9.675931999179127,2019-08-01,SUPERETES,57.1369310438478
PEPSICO,AGOSTO 2020,1508.309342,3098,12480.742,8.274656698373748,2020-08-01,SUPERETES,58.250142793042166
PEPSICO,AGOSTO 2021,1684.497506,4231,14970.712,8.887345897916694,2021-08-01,SUPERETES,55.78875038508991
PEPSICO,AGOSTO 2022,2313.25173,4134,20267.958,8.761674199634122,2022-08-01,SUPERETES,55.543035418377386
PEPSICO,DICIEMBRE 2019,1514.927315,3848,14226.63,9.390965400871394,2019-12-01,SUPERETES,55.45762953417967
PEPSICO,DICIEMBRE 2020,1642.972745,3395,14255.994,8.676950998356336,2020-12-01,SUPERETES,55.97455606692826
PEPSICO,DICIEMBRE 2021,1798.557209,4195,15886.415,8.832866099840587,2021-12-01,SUPERETES,55.75047670571086
PEPSICO,ENERO 2020,1578.889849,3889,14961.417,9.475909297583938,2020-01-01,SUPERETES,56.04655034312899
PEPSICO,ENERO 2021,1675.029291,3404,14856.413,8.86934519881181,2021-01-01,SUPERETES,55.71495780898094
PEPSICO,ENERO 2022,1852.935397,4139,17131.899,9.245815600337416,2022-01-01,SUPERETES,56.87737392309751
PEPSICO,FEBRERO 2020,1483.646405,3790,13669.041,9.21313929918497,2020-02-01,SUPERETES,55.6172614564135
PEPSICO,FEBRERO 2021,1618.792067,3654,13164.144,8.132078398676759,2021-02-01,SUPERETES,54.33714791294016
PEPSICO,FEBRERO 2022,1756.092869,4103,16377.389,9.326038098045483,2022-02-01,SUPERETES,56.74753856424618
PEPSICO,JULIO 2020,1516.381168,2901,11463.663,7.559882199750453,2020-07-01,SUPERETES,55.72809161454239
PEPSICO,JULIO 2021,1668.490851,4201,15072.374,9.033537097890864,2021-07-01,SUPERETES,57.00364622157878
PEPSICO,JULIO 2022,2309.709568,4090,19714.15,8.5353372013221,2022-07-01,SUPERETES,54.60182502317182
PEPSICO,JUNIO 2020,1484.549667,2695,10385.109,6.995460799224308,2020-06-01,SUPERETES,55.45888313016156
PEPSICO,JUNIO 2021,1623.017437,4034,14267.009,8.790422502404699,2021-06-01,SUPERETES,57.99583480656834
PEPSICO,JUNIO 2022,2204.480919,3984,18901.435,8.57409780102524,2022-06-01,SUPERETES,54.719498026961816
PEPSICO,MARZO 2020,1471.684806,3735,14187.716,9.640458297970632,2020-03-01,SUPERETES,56.46473460386836
PEPSICO,MARZO 2021,1621.080845,4129,13234.398,8.163934600066167,2021-03-01,SUPERETES,54.75002364266098
PEPSICO,MARZO 2022,1829.194815,4187,17198.994,9.40249439751446,2022-03-01,SUPERETES,55.7384521077416
PEPSICO,MAYO 2020,1466.420705,2734,10615.661,7.239164697964354,2020-05-01,SUPERETES,56.077705178003285
PEPSICO,MAYO 2021,1593.025574,4077,14179.246,8.900827602156246,2021-05-01,SUPERETES,56.16474971490319
PEPSICO,MAYO 2022,2052.98094,4069,18105.537,8.8191451986885,2022-05-01,SUPERETES,54.94408508885429
PEPSICO,NOVIEMBRE 2019,1466.870426,3870,14295.839,9.745809000310434,2019-11-01,SUPERETES,57.324721055110736
PEPSICO,NOVIEMBRE 2020,1559.307529,3365,13472.12,8.639809498412292,2020-11-01,SUPERETES,57.43904712744007
PEPSICO,NOVIEMBRE 2021,1724.646812,4217,15056.36,8.730112099033063,2021-11-01,SUPERETES,56.30915620488054
PEPSICO,OCTUBRE 2019,1459.657785,3942,14519.136,9.946945201268528,2019-10-01,SUPERETES,56.19812395473785
PEPSICO,OCTUBRE 2020,1550.543507,3346,13577.582,8.756659802645576,2020-10-01,SUPERETES,55.74769535841189
PEPSICO,OCTUBRE 2021,1709.105169,4291,15320.577,8.964092601138228,2021-10-01,SUPERETES,55.3419436182197
PEPSICO,SEPTIEMBRE 2019,1430.921216,4042,14078.583,9.83882469738991,2019-09-01,SUPERETES,56.70818394747939
PEPSICO,SEPTIEMBRE 2020,1509.691525,3133,12869.738,8.52474680216543,2020-09-01,SUPERETES,56.90510405400745
PEPSICO,SEPTIEMBRE 2021,1663.664559,4146,14778.301,8.882981199577264,2021-09-01,SUPERETES,55.70274127817359
RAMO,ABRIL 2020,1598.805657,231,971.002,0.607329599910216,2020-04-01,SUPERETES,4.420908605483481
RAMO,ABRIL 2021,1592.022988,370,1214.462,0.7628419998669015,2021-04-01,SUPERETES,4.959937399506564
RAMO,ABRIL 2022,1766.664288,423,1472.747,0.833631499772525,2022-04-01,SUPERETES,4.540338185362401
RAMO,AGOSTO 2019,1360.143353,306,875.03,0.6433365998297093,2019-08-01,SUPERETES,3.570939588099099
RAMO,AGOSTO 2020,1466.308328,247,964.558,0.657813900106281,2020-08-01,SUPERETES,4.501786931591981
RAMO,AGOSTO 2021,1548.472108,409,1250.713,0.8077078001846708,2021-08-01,SUPERETES,4.660814753525881
RAMO,AGOSTO 2022,2082.904948,448,1501.617,0.7209244000509235,2022-08-01,SUPERETES,4.115084815936445
RAMO,DICIEMBRE 2019,1359.121366,293,955.846,0.7032822998089782,2019-12-01,SUPERETES,3.7260372526541774
RAMO,DICIEMBRE 2020,1605.32271,252,1059.818,0.6601900000530112,2020-12-01,SUPERETES,4.161256104747222
RAMO,DICIEMBRE 2021,1629.547196,440,1167.632,0.7165377000838951,2021-12-01,SUPERETES,4.097591597402094
RAMO,ENERO 2020,1440.96708,312,1001.674,0.6951400999389938,2020-01-01,SUPERETES,3.752343261898481
RAMO,ENERO 2021,1667.905237,269,1209.056,0.7248949000092384,2021-01-01,SUPERETES,4.534237438653278
RAMO,ENERO 2022,1695.538456,412,1164.409,0.6867487999930095,2022-01-01,SUPERETES,3.865801805883869
RAMO,FEBRERO 2020,1389.36937,298,1024.758,0.7375706001061475,2020-02-01,SUPERETES,4.169585387559478
RAMO,FEBRERO 2021,1600.293793,287,1107.704,0.6921879000251799,2021-02-01,SUPERETES,4.57222863041877
RAMO,FEBRERO 2022,1632.777934,418,1187.201,0.7271050001830807,2022-02-01,SUPERETES,4.113643177860136
RAMO,JULIO 2020,1501.890684,232,983.025,0.6545250000365539,2020-07-01,SUPERETES,4.778761139383243
RAMO,JULIO 2021,1578.552506,383,1317.145,0.8344004998209417,2021-07-01,SUPERETES,4.981436076527917
RAMO,JULIO 2022,2042.374513,436,1447.189,0.7085815998919098,2022-07-01,SUPERETES,4.008245881940585
RAMO,JUNIO 2020,1571.45642,221,881.079,0.5606767001530975,2020-06-01,SUPERETES,4.705165568261211
RAMO,JUNIO 2021,1564.671663,374,1304.568,0.8337647001919277,2021-06-01,SUPERETES,5.303109447953334
RAMO,JUNIO 2022,1983.778407,420,1435.053,0.7233937999003536,2022-06-01,SUPERETES,4.1544665683894175
RAMO,MARZO 2020,1394.623623,304,1048.063,0.7515024001568917,2020-03-01,SUPERETES,4.171115290377541
RAMO,MARZO 2021,1523.987647,342,1150.066,0.7546425998031728,2021-03-01,SUPERETES,4.757763873401763
RAMO,MARZO 2022,1749.546888,436,1380.952,0.7893198001561648,2022-03-01,SUPERETES,4.475385415861531
RAMO,MAYO 2020,1600.594959,200,836.994,0.5229267999962507,2020-05-01,SUPERETES,4.4214583310222215
RAMO,MAYO 2021,1596.427089,366,1317.208,0.8250974999585465,2021-05-01,SUPERETES,5.217531146752671
RAMO,MAYO 2022,1840.771979,433,1431.205,0.7775026001740326,2022-05-01,SUPERETES,4.343215520180026
RAMO,NOVIEMBRE 2019,1346.580902,304,931.883,0.6920364002013747,2019-11-01,SUPERETES,3.736746967491713
RAMO,NOVIEMBRE 2020,1567.584137,245,1025.828,0.6544006001254911,2020-11-01,SUPERETES,4.373668200450084
RAMO,NOVIEMBRE 2021,1620.308403,462,1132.47,0.6989225001260455,2021-11-01,SUPERETES,4.235315184237164
RAMO,OCTUBRE 2019,1352.365758,318,1046.71,0.7739844001581118,2019-10-01,SUPERETES,4.051421401704871
RAMO,OCTUBRE 2020,1523.225242,249,1124.24,0.7380655000989014,2020-10-01,SUPERETES,4.61597573336261
RAMO,OCTUBRE 2021,1534.747954,435,1288.16,0.8393299998496041,2021-10-01,SUPERETES,4.653171880618197
RAMO,SEPTIEMBRE 2019,1351.963013,304,925.524,0.6845778997653688,2019-09-01,SUPERETES,3.727987769778173
RAMO,SEPTIEMBRE 2020,1521.568741,243,1023.059,0.6723711998234327,2020-09-01,SUPERETES,4.523579178409755
RAMO,SEPTIEMBRE 2021,1563.992275,426,1183.226,0.756542099928211,2021-09-01,SUPERETES,4.459844995145804
YUPI,ABRIL 2020,931.386673,581,1641.128,1.762026500458634,2020-04-01,SUPERETES,7.471948459323352
YUPI,ABRIL 2021,1087.51833,963,1936.672,1.7808178001008956,2021-04-01,SUPERETES,7.9094873971990705
YUPI,ABRIL 2022,1386.749936,1056,2897.32,2.0892879997940743,2022-04-01,SUPERETES,8.932160534846917
YUPI,AGOSTO 2019,878.348717,832,1868.367,2.127135799072386,2019-08-01,SUPERETES,7.624682222778589
YUPI,AGOSTO 2020,953.618852,676,1614.181,1.692689900807456,2020-08-01,SUPERETES,7.533708632372627
YUPI,AGOSTO 2021,1081.247852,1067,2373.819,2.195443899018261,2021-08-01,SUPERETES,8.846098679233409
YUPI,AGOSTO 2022,1544.119836,1029,3096.432,2.005305500136066,2022-08-01,SUPERETES,8.48557275708767
YUPI,DICIEMBRE 2019,932.418662,937,2143.763,2.299142099324477,2019-12-01,SUPERETES,8.35672357143481
YUPI,DICIEMBRE 2020,1098.261702,808,2070.753,1.8854823001011831,2020-12-01,SUPERETES,8.130578611302719
YUPI,DICIEMBRE 2021,1235.140568,1145,2632.255,2.1311380001567564,2021-12-01,SUPERETES,9.23741895581797
YUPI,ENERO 2020,951.421016,974,2144.048,2.2535217994385777,2020-01-01,SUPERETES,8.031758901585661
YUPI,ENERO 2021,1075.201458,780,2133.44,1.984223499815976,2021-01-01,SUPERETES,8.000889554429612
YUPI,ENERO 2022,1305.023689,1178,2724.247,2.087507700406196,2022-01-01,SUPERETES,9.044415641131003
YUPI,FEBRERO 2020,916.993615,967,2271.741,2.477379299963828,2020-02-01,SUPERETES,9.243370705981077
YUPI,FEBRERO 2021,1097.676021,827,1961.315,1.786788599256465,2021-02-01,SUPERETES,8.095647028691591
YUPI,FEBRERO 2022,1288.129819,1124,2619.48,2.033552799851768,2022-02-01,SUPERETES,9.076479914977387
YUPI,JULIO 2020,954.957043,669,1658.336,1.7365555991820671,2020-07-01,SUPERETES,8.06163793681773
YUPI,JULIO 2021,1198.316143,1041,2096.207,1.7492938005092031,2021-07-01,SUPERETES,7.927844826249466
YUPI,JULIO 2022,1544.12928,1069,3170.174,2.053049599577569,2022-07-01,SUPERETES,8.780357562512647
YUPI,JUNIO 2020,922.904124,603,1447.719,1.5686559008159768,2020-06-01,SUPERETES,7.73115417722764
YUPI,JUNIO 2021,1159.885918,827,1573.308,1.356433400547587,2021-06-01,SUPERETES,6.395545896680406
YUPI,JUNIO 2022,1449.105642,1043,3083.287,2.127717200620767,2022-06-01,SUPERETES,8.926090368961773
YUPI,MARZO 2020,917.093112,884,2115.141,2.3063535995677613,2020-03-01,SUPERETES,8.417907097573755
YUPI,MARZO 2021,1097.74558,951,2097.365,1.910611200092465,2021-03-01,SUPERETES,8.676691099760612
YUPI,MARZO 2022,1314.965014,1073,2833.287,2.154648199636435,2022-03-01,SUPERETES,9.18210866036623
YUPI,MAYO 2020,930.061156,590,1481.101,1.592477000512427,2020-05-01,SUPERETES,7.823982436594936
YUPI,MAYO 2021,1142.549824,1016,2095.035,1.8336487004701512,2021-05-01,SUPERETES,8.298545382382265
YUPI,MAYO 2022,1419.60826,1076,2923.151,2.059125099765198,2022-05-01,SUPERETES,8.870759109302833
YUPI,NOVIEMBRE 2019,899.335526,941,2017.934,2.2438055004623494,2019-11-01,SUPERETES,8.091690432273603
YUPI,NOVIEMBRE 2020,990.156559,769,1893.113,1.9119329996782863,2020-11-01,SUPERETES,8.071380512092341
YUPI,NOVIEMBRE 2021,1176.643189,1136,2400.031,2.039727100311291,2021-11-01,SUPERETES,8.975856081785746
YUPI,OCTUBRE 2019,913.297211,870,2218.593,2.4292124987119883,2019-10-01,SUPERETES,8.587340487692497
YUPI,OCTUBRE 2020,996.883765,722,1798.03,1.803650599124764,2020-10-01,SUPERETES,7.382465352467422
YUPI,OCTUBRE 2021,1157.383357,1135,2610.727,2.255715000747155,2021-10-01,SUPERETES,9.43063087222915
YUPI,SEPTIEMBRE 2019,896.498711,916,2010.547,2.242665801222775,2019-09-01,SUPERETES,8.098433564731113
YUPI,SEPTIEMBRE 2020,942.790631,672,1649.297,1.7493778000854996,2020-09-01,SUPERETES,7.292566282309891
YUPI,SEPTIEMBRE 2021,1132.852391,1067,2421.519,2.137541500762035,2021-09-01,SUPERETES,9.12724990221688
COMESTIBLES,SEPTIEMBRE 2022,2408.466256,522,21103.01,8.762011901735358,2022-09-01,DTS,9.742014155832784
OTROS,SEPTIEMBRE 2022,1032.189743,996,32830.469,31.806622011743823,2022-09-01,DTS,15.155889787316093
PEPSICO,SEPTIEMBRE 2022,2232.292982,2899,133311.946,59.71973530130464,2022-09-01,DTS,61.542257008531756
RAMO,SEPTIEMBRE 2022,1731.202795,208,7163.82,4.138059400487509,2022-09-01,DTS,3.3071128644604735
YUPI,SEPTIEMBRE 2022,1541.473975,749,22209.307,14.407837796937182,2022-09-01,DTS,10.252726183858897
COMESTIBLES,SEPTIEMBRE 2022,1739.265525,719,2472.531,1.4215948999506558,2022-09-01,SUPERCADENAS,4.33406661256791
OTROS,SEPTIEMBRE 2022,2494.192154,7385,23829.442,9.553971999223922,2022-09-01,SUPERCADENAS,41.770311057100386
PEPSICO,SEPTIEMBRE 2022,1797.699613,4284,25837.298,14.372422296338337,2022-09-01,SUPERCADENAS,45.28985505976169
RAMO,SEPTIEMBRE 2022,2138.441606,541,1723.656,0.8060337000382886,2022-09-01,SUPERCADENAS,3.0213736131730418
YUPI,SEPTIEMBRE 2022,1679.676076,979,3185.827,1.8966912999003744,2022-09-01,SUPERCADENAS,5.58439365739697
COMESTIBLES,SEPTIEMBRE 2022,2038.56276,804,3142.006,1.5412849001519089,2022-09-01,SUPERETES,8.777940624748476
OTROS,SEPTIEMBRE 2022,1875.721101,1889,8476.629,4.519130800139141,2022-09-01,SUPERETES,23.681478030284175
PEPSICO,SEPTIEMBRE 2022,2345.351388,3977,19517.893,8.321948301590703,2022-09-01,SUPERETES,54.527873554090576
RAMO,SEPTIEMBRE 2022,2144.935754,441,1457.202,0.6793685998671641,2022-09-01,SUPERETES,4.071040168053381
YUPI,SEPTIEMBRE 2022,1569.501214,1052,3200.611,2.039253599455961,2022-09-01,SUPERETES,8.941667622823395
